{"cameraMode":{"drawMode":0,"name":"Shaded","section":"Shading Mode"},"sceneLighting":false,"audioPlay":false,"sceneViewState":{"showFog":true,"showMaterialUpdate":false,"showSkybox":true,"showFlares":true,"showImageEffects":true,"showParticleSystems":true},"in2DMode":false,"pivot":{"x":-2.9802322387695315e-8,"y":0.007012499496340752,"z":-0.0030792132019996645},"rotation":{"x":-0.11482946574687958,"y":-0.3654085397720337,"z":0.04547843337059021,"w":-0.9226172566413879},"size":0.15951961278915406,"orthographic":false}