{"cameraMode":{"drawMode":0,"name":"Shaded","section":"Shading Mode"},"sceneLighting":false,"audioPlay":false,"sceneViewState":{"showFog":true,"showMaterialUpdate":false,"showSkybox":true,"showFlares":true,"showImageEffects":true,"showParticleSystems":true},"in2DMode":false,"pivot":{"x":0.44999998807907107,"y":0.5,"z":0.15000000596046449},"rotation":{"x":-0.1983724683523178,"y":-0.07695160806179047,"z":0.01562434621155262,"w":-0.9769763946533203},"size":1.8447562456130982,"orthographic":false}