{"cameraMode":{"drawMode":0,"name":"Shaded","section":"Shading Mode"},"sceneLighting":false,"audioPlay":false,"sceneViewState":{"showFog":true,"showMaterialUpdate":false,"showSkybox":true,"showFlares":true,"showImageEffects":true,"showParticleSystems":true},"in2DMode":false,"pivot":{"x":-0.014643490314483643,"y":-0.03498955816030502,"z":0.053499191999435428},"rotation":{"x":-0.2881968915462494,"y":-0.3823356032371521,"z":0.12683889269828797,"w":-0.868719756603241},"size":0.2507762908935547,"orthographic":false}