{"cameraMode":{"drawMode":0,"name":"Shaded","section":"Shading Mode"},"sceneLighting":false,"audioPlay":false,"sceneViewState":{"showFog":true,"showMaterialUpdate":false,"showSkybox":true,"showFlares":true,"showImageEffects":true,"showParticleSystems":true},"in2DMode":false,"pivot":{"x":0.0,"y":1.5558058711985838e-15,"z":0.03981734812259674},"rotation":{"x":-0.11482946574687958,"y":-0.3654085397720337,"z":0.04547843337059021,"w":-0.9226172566413879},"size":0.15674012899398805,"orthographic":false}