{"cameraMode":{"drawMode":0,"name":"Shaded","section":"Shading Mode"},"sceneLighting":true,"audioPlay":false,"sceneViewState":{"showFog":true,"showMaterialUpdate":false,"showSkybox":true,"showFlares":true,"showImageEffects":true,"showParticleSystems":true},"in2DMode":false,"pivot":{"x":1.3563604354858399,"y":0.7495180368423462,"z":0.6050885915756226},"rotation":{"x":0.501118004322052,"y":0.016872774809598924,"z":-0.009773063473403454,"w":0.865159273147583},"size":0.6802657842636108,"orthographic":true}