{"cameraMode":{"drawMode":0,"name":"Shaded","section":"Shading Mode"},"sceneLighting":true,"audioPlay":false,"sceneViewState":{"showFog":true,"showMaterialUpdate":false,"showSkybox":true,"showFlares":true,"showImageEffects":true,"showParticleSystems":true},"in2DMode":false,"pivot":{"x":1.3563604354858399,"y":0.7495180368423462,"z":0.6050885915756226},"rotation":{"x":0.29189974069595339,"y":0.30689889192581179,"z":-0.09949424117803574,"w":0.9003936052322388},"size":5.044987678527832,"orthographic":true}